mae_lambda,mae_gamma,rmse_lambda,rmse_gamma,r2_lambda,r2_gamma,rmse_rango_lambda,rmse_rango_gamma
0.02527820452302652,0.004760381579035063,0.03664095476093502,0.006776070604841686,0.7681227435004729,0.9480898411743803,0.1221365110165145,0.061600641152894486
