mae_lambda,mae_gamma,rmse_lambda,rmse_gamma,r2_lambda,r2_gamma,rmse_rango_lambda,rmse_rango_gamma,nll_media,mean_mahalanobis_d2,coverage_50,coverage_68,coverage_90,coverage_95,mean_ellipse_area_50,mean_ellipse_area_68,mean_ellipse_area_90,mean_ellipse_area_95
0.02742608790585311,0.00524341963912291,0.03791657142514435,0.007029885069137525,0.7516965753678848,0.9441281615202031,0.12638856639491744,0.06390804534719707,-8.121539601689058,1.9358913996673806,0.540340488527017,0.7113249444855663,0.9119170984455959,0.9504071058475203,0.0001389004043743642,0.00022833228949301087,0.0004614171556824159,0.0006003175600567797
